-- MySQL dump 10.13  Distrib 8.0.29, for Linux (x86_64)
--
-- Host: localhost    Database: clinic
-- ------------------------------------------------------
-- Server version	8.0.29-0ubuntu0.20.04.3

/*!40101 SET @OLD_CHARACTER_SET_CLIENT=@@CHARACTER_SET_CLIENT */;
/*!40101 SET @OLD_CHARACTER_SET_RESULTS=@@CHARACTER_SET_RESULTS */;
/*!40101 SET @OLD_COLLATION_CONNECTION=@@COLLATION_CONNECTION */;
/*!50503 SET NAMES utf8mb4 */;
/*!40103 SET @OLD_TIME_ZONE=@@TIME_ZONE */;
/*!40103 SET TIME_ZONE='+00:00' */;
/*!40014 SET @OLD_UNIQUE_CHECKS=@@UNIQUE_CHECKS, UNIQUE_CHECKS=0 */;
/*!40014 SET @OLD_FOREIGN_KEY_CHECKS=@@FOREIGN_KEY_CHECKS, FOREIGN_KEY_CHECKS=0 */;
/*!40101 SET @OLD_SQL_MODE=@@SQL_MODE, SQL_MODE='NO_AUTO_VALUE_ON_ZERO' */;
/*!40111 SET @OLD_SQL_NOTES=@@SQL_NOTES, SQL_NOTES=0 */;

--
-- Current Database: `clinic`
--

CREATE DATABASE /*!32312 IF NOT EXISTS*/ `clinic` /*!40100 DEFAULT CHARACTER SET utf8mb4 COLLATE utf8mb4_0900_ai_ci */ /*!80016 DEFAULT ENCRYPTION='N' */;

USE `clinic`;

--
-- Table structure for table `appointments`
--

DROP TABLE IF EXISTS `appointments`;
/*!40101 SET @saved_cs_client     = @@character_set_client */;
/*!50503 SET character_set_client = utf8mb4 */;
CREATE TABLE `appointments` (
  `id` int NOT NULL AUTO_INCREMENT,
  `date` datetime NOT NULL,
  `patient_id` int DEFAULT NULL,
  `employee_id` int NOT NULL,
  `prescription_id` int DEFAULT NULL,
  `referral_id` int DEFAULT NULL,
  `notes` varchar(2000) DEFAULT NULL,
  `is_online` bit(1) DEFAULT b'1',
  `meeting_link` varchar(150) DEFAULT NULL,
  `reccomendations` varchar(2000) DEFAULT NULL,
  `types` int DEFAULT NULL,
  PRIMARY KEY (`id`),
  KEY `fk_appointments_1_idx` (`patient_id`),
  KEY `fk_appointments_2_idx` (`employee_id`),
  CONSTRAINT `fk_appointments_1` FOREIGN KEY (`patient_id`) REFERENCES `patients` (`user_id`) ON DELETE CASCADE ON UPDATE CASCADE,
  CONSTRAINT `fk_appointments_2` FOREIGN KEY (`employee_id`) REFERENCES `employees` (`user_id`) ON UPDATE CASCADE
) ENGINE=InnoDB AUTO_INCREMENT=276 DEFAULT CHARSET=latin1;
/*!40101 SET character_set_client = @saved_cs_client */;

--
-- Dumping data for table `appointments`
--

LOCK TABLES `appointments` WRITE;
/*!40000 ALTER TABLE `appointments` DISABLE KEYS */;
INSERT INTO `appointments` VALUES (1,'2022-07-01 15:30:00',NULL,1900183847,NULL,NULL,NULL,_binary '\0',NULL,NULL,NULL),(2,'2022-05-23 10:00:00',NULL,1900183847,NULL,NULL,'test',_binary '\0','https://meet.google.com/jqe-giae-yrt',NULL,1),(3,'2022-05-23 10:30:00',NULL,1900183847,NULL,NULL,NULL,_binary '\0',NULL,NULL,NULL),(4,'2022-05-23 11:00:00',NULL,1900183847,NULL,NULL,NULL,_binary '\0',NULL,NULL,NULL),(5,'2022-05-23 11:30:00',NULL,1900183847,NULL,NULL,NULL,_binary '\0',NULL,NULL,NULL),(6,'2022-05-23 12:00:00',NULL,1900183847,NULL,NULL,NULL,_binary '\0',NULL,NULL,NULL),(7,'2022-05-23 12:30:00',NULL,1900183847,NULL,NULL,NULL,_binary '\0',NULL,NULL,NULL),(8,'2022-05-23 13:00:00',NULL,1900183847,NULL,NULL,NULL,_binary '\0',NULL,NULL,NULL),(9,'2022-05-23 13:30:00',NULL,1900183847,NULL,NULL,NULL,_binary '\0',NULL,NULL,NULL),(10,'2022-05-23 14:00:00',NULL,1900183847,NULL,NULL,NULL,_binary '\0',NULL,NULL,NULL),(11,'2022-05-23 14:30:00',NULL,1900183847,NULL,NULL,NULL,_binary '\0',NULL,NULL,NULL),(12,'2022-05-23 15:00:00',NULL,1900183847,NULL,NULL,NULL,_binary '\0',NULL,NULL,NULL),(13,'2022-05-23 15:30:00',NULL,1900183847,NULL,NULL,NULL,_binary '\0',NULL,NULL,NULL),(15,'2022-05-24 10:30:00',1900283852,1900183847,NULL,NULL,'test',_binary '','https://meet.google.com/jqe-giae-yrt',NULL,1),(16,'2022-05-24 11:00:00',NULL,1900183847,NULL,NULL,NULL,_binary '\0',NULL,NULL,NULL),(17,'2022-05-24 11:30:00',NULL,1900183847,NULL,NULL,NULL,_binary '\0',NULL,NULL,NULL),(18,'2022-05-24 12:00:00',NULL,1900183847,NULL,NULL,NULL,_binary '\0',NULL,NULL,NULL),(19,'2022-05-24 12:30:00',NULL,1900183847,NULL,NULL,NULL,_binary '\0',NULL,NULL,NULL),(20,'2022-05-24 13:00:00',NULL,1900183847,NULL,NULL,NULL,_binary '\0',NULL,NULL,NULL),(21,'2022-05-24 13:30:00',NULL,1900183847,NULL,NULL,NULL,_binary '\0',NULL,NULL,NULL),(22,'2022-05-24 14:00:00',NULL,1900183847,NULL,NULL,NULL,_binary '\0',NULL,NULL,NULL),(23,'2022-05-24 14:30:00',NULL,1900183847,NULL,NULL,NULL,_binary '\0',NULL,NULL,NULL),(24,'2022-05-24 15:00:00',NULL,1900183847,NULL,NULL,NULL,_binary '\0',NULL,NULL,NULL),(25,'2022-05-24 15:30:00',NULL,1900183847,NULL,NULL,NULL,_binary '\0',NULL,NULL,NULL),(26,'2022-05-25 10:00:00',NULL,1900183847,NULL,NULL,'tel',_binary '\0','https://meet.google.com/jqe-giae-yrt',NULL,1),(27,'2022-05-25 10:30:00',1900283852,1900183847,NULL,NULL,'telefon',_binary '','',NULL,2),(28,'2022-05-15 11:00:00',1900283852,1900183847,NULL,NULL,'nothin',_binary '','https://meet.google.com/jqe-giae-yrt','test',1),(29,'2022-05-25 11:30:00',NULL,1900183847,NULL,NULL,NULL,_binary '\0',NULL,NULL,NULL),(30,'2022-05-25 12:00:00',NULL,1900183847,NULL,NULL,NULL,_binary '\0',NULL,NULL,NULL),(31,'2022-05-25 12:30:00',NULL,1900183847,NULL,NULL,NULL,_binary '\0',NULL,NULL,NULL),(32,'2022-05-25 13:00:00',NULL,1900183847,NULL,NULL,'test f2f',_binary '\0','https://meet.google.com/jqe-giae-yrt','o ale dobrze to ogarnolem a co jak wpisze jeszcze cos wiecej?? chyba bedzie git',1),(33,'2022-05-25 13:30:00',NULL,1900183847,NULL,NULL,NULL,_binary '\0',NULL,NULL,NULL),(34,'2022-05-25 14:00:00',NULL,1900183847,NULL,NULL,NULL,_binary '\0',NULL,NULL,NULL),(35,'2022-05-25 14:30:00',NULL,1900183847,NULL,NULL,NULL,_binary '\0',NULL,NULL,NULL),(36,'2022-05-25 15:00:00',NULL,1900183847,NULL,NULL,NULL,_binary '\0',NULL,NULL,NULL),(37,'2022-05-25 15:30:00',NULL,1900183847,NULL,NULL,NULL,_binary '\0',NULL,NULL,NULL),(38,'2022-05-21 00:00:00',1900283852,1900183847,NULL,NULL,'f2f',_binary '','',NULL,3),(39,'2022-05-26 10:30:00',NULL,1900183847,NULL,NULL,NULL,_binary '\0',NULL,NULL,NULL),(40,'2022-05-26 11:00:00',NULL,1900183847,NULL,NULL,NULL,_binary '\0',NULL,NULL,NULL),(41,'2022-05-26 11:30:00',NULL,1900183847,NULL,NULL,NULL,_binary '\0',NULL,NULL,NULL),(42,'2022-05-26 12:00:00',NULL,1900183847,NULL,NULL,NULL,_binary '\0',NULL,NULL,NULL),(43,'2022-05-26 12:30:00',NULL,1900183847,NULL,NULL,NULL,_binary '\0',NULL,NULL,NULL),(44,'2022-05-26 13:00:00',NULL,1900183847,NULL,NULL,NULL,_binary '\0',NULL,NULL,NULL),(45,'2022-05-26 13:30:00',NULL,1900183847,NULL,NULL,NULL,_binary '\0',NULL,NULL,NULL),(46,'2022-05-26 14:00:00',NULL,1900183847,NULL,NULL,NULL,_binary '\0',NULL,NULL,NULL),(47,'2022-05-26 14:30:00',NULL,1900183847,NULL,NULL,NULL,_binary '\0',NULL,NULL,NULL),(48,'2022-05-26 15:00:00',NULL,1900183847,NULL,NULL,NULL,_binary '\0',NULL,NULL,NULL),(49,'2022-05-26 15:30:00',NULL,1900183847,NULL,NULL,NULL,_binary '\0',NULL,NULL,NULL),(50,'2022-05-27 10:00:00',NULL,1900183847,NULL,NULL,NULL,_binary '\0',NULL,NULL,NULL),(51,'2022-05-27 10:30:00',NULL,1900183847,NULL,NULL,NULL,_binary '\0',NULL,NULL,NULL),(52,'2022-05-27 11:00:00',NULL,1900183847,NULL,NULL,NULL,_binary '\0',NULL,NULL,NULL),(53,'2022-05-27 11:30:00',NULL,1900183847,NULL,NULL,NULL,_binary '\0',NULL,NULL,NULL),(54,'2022-05-27 12:00:00',NULL,1900183847,NULL,NULL,NULL,_binary '\0',NULL,NULL,NULL),(55,'2022-05-27 12:30:00',NULL,1900183847,NULL,NULL,NULL,_binary '\0',NULL,NULL,NULL),(56,'2022-05-27 13:00:00',NULL,1900183847,NULL,NULL,NULL,_binary '\0',NULL,NULL,NULL),(57,'2022-05-27 13:30:00',NULL,1900183847,NULL,NULL,NULL,_binary '\0',NULL,NULL,NULL),(58,'2022-05-27 14:00:00',NULL,1900183847,NULL,NULL,NULL,_binary '\0',NULL,NULL,NULL),(59,'2022-05-27 14:30:00',NULL,1900183847,NULL,NULL,NULL,_binary '\0',NULL,NULL,NULL),(60,'2022-05-27 15:00:00',NULL,1900183847,NULL,NULL,NULL,_binary '\0',NULL,NULL,NULL),(61,'2022-05-27 15:30:00',NULL,1900183847,NULL,NULL,NULL,_binary '\0',NULL,NULL,NULL),(62,'2022-05-19 08:00:00',NULL,1900183847,NULL,NULL,NULL,_binary '\0',NULL,NULL,NULL),(63,'2022-05-19 08:30:00',NULL,1900183847,NULL,NULL,NULL,_binary '\0',NULL,NULL,NULL),(64,'2022-05-19 09:00:00',NULL,1900183847,NULL,NULL,NULL,_binary '\0',NULL,NULL,NULL),(65,'2022-05-19 09:30:00',NULL,1900183847,NULL,NULL,NULL,_binary '\0',NULL,NULL,NULL),(66,'2022-05-19 10:00:00',NULL,1900183847,NULL,NULL,NULL,_binary '\0',NULL,NULL,NULL),(67,'2022-05-19 10:30:00',NULL,1900183847,NULL,NULL,NULL,_binary '\0',NULL,NULL,NULL),(68,'2022-05-19 11:00:00',NULL,1900183847,NULL,NULL,NULL,_binary '\0',NULL,NULL,NULL),(69,'2022-05-19 11:30:00',NULL,1900183847,NULL,NULL,NULL,_binary '\0',NULL,NULL,NULL),(70,'2022-05-19 12:00:00',NULL,1900183847,NULL,NULL,NULL,_binary '\0',NULL,NULL,NULL),(71,'2022-05-19 12:30:00',NULL,1900183847,NULL,NULL,NULL,_binary '\0',NULL,NULL,NULL),(72,'2022-05-19 13:00:00',NULL,1900183847,NULL,NULL,NULL,_binary '\0',NULL,NULL,NULL),(73,'2022-05-19 13:30:00',NULL,1900183847,NULL,NULL,NULL,_binary '\0',NULL,NULL,NULL),(74,'2022-05-19 14:00:00',NULL,1900183847,NULL,NULL,NULL,_binary '\0',NULL,NULL,NULL),(75,'2022-05-19 14:30:00',NULL,1900183847,NULL,NULL,NULL,_binary '\0',NULL,NULL,NULL),(76,'2022-05-19 15:00:00',NULL,1900183847,NULL,NULL,NULL,_binary '\0',NULL,NULL,NULL),(77,'2022-05-19 15:30:00',NULL,1900183847,NULL,NULL,NULL,_binary '\0',NULL,NULL,NULL),(78,'2022-05-20 08:00:00',NULL,1900183847,NULL,NULL,NULL,_binary '\0',NULL,NULL,NULL),(79,'2022-05-20 08:30:00',NULL,1900183847,NULL,NULL,NULL,_binary '\0',NULL,NULL,NULL),(80,'2022-05-20 09:00:00',NULL,1900183847,NULL,NULL,NULL,_binary '\0',NULL,NULL,NULL),(81,'2022-05-20 09:30:00',NULL,1900183847,NULL,NULL,NULL,_binary '\0',NULL,NULL,NULL),(82,'2022-05-20 10:00:00',NULL,1900183847,NULL,NULL,NULL,_binary '\0',NULL,NULL,NULL),(83,'2022-05-20 10:30:00',NULL,1900183847,NULL,NULL,NULL,_binary '\0',NULL,NULL,NULL),(84,'2022-05-20 11:00:00',NULL,1900183847,NULL,NULL,NULL,_binary '\0',NULL,NULL,NULL),(85,'2022-05-20 11:30:00',NULL,1900183847,NULL,NULL,NULL,_binary '\0',NULL,NULL,NULL),(86,'2022-05-20 12:00:00',NULL,1900183847,NULL,NULL,NULL,_binary '\0',NULL,NULL,NULL),(87,'2022-05-20 12:30:00',NULL,1900183847,NULL,NULL,NULL,_binary '\0',NULL,NULL,NULL),(88,'2022-05-20 13:00:00',NULL,1900183847,NULL,NULL,NULL,_binary '\0',NULL,NULL,NULL),(89,'2022-05-20 13:30:00',NULL,1900183847,NULL,NULL,NULL,_binary '\0',NULL,NULL,NULL),(90,'2022-05-20 14:00:00',NULL,1900183847,NULL,NULL,NULL,_binary '\0',NULL,NULL,NULL),(91,'2022-05-20 14:30:00',NULL,1900183847,NULL,NULL,NULL,_binary '\0',NULL,NULL,NULL),(92,'2022-05-20 15:00:00',NULL,1900183847,NULL,NULL,NULL,_binary '\0',NULL,NULL,NULL),(93,'2022-05-20 15:30:00',NULL,1900183847,NULL,NULL,NULL,_binary '\0',NULL,NULL,NULL),(94,'2022-05-19 08:00:00',NULL,1900183854,NULL,NULL,NULL,_binary '\0',NULL,NULL,NULL),(95,'2022-05-19 08:30:00',NULL,1900183854,NULL,NULL,NULL,_binary '\0',NULL,NULL,NULL),(96,'2022-05-19 09:00:00',NULL,1900183854,NULL,NULL,NULL,_binary '\0',NULL,NULL,NULL),(97,'2022-05-19 09:30:00',NULL,1900183854,NULL,NULL,NULL,_binary '\0',NULL,NULL,NULL),(98,'2022-05-19 10:00:00',NULL,1900183854,NULL,NULL,NULL,_binary '\0',NULL,NULL,NULL),(99,'2022-05-19 10:30:00',NULL,1900183854,NULL,NULL,NULL,_binary '\0',NULL,NULL,NULL),(100,'2022-05-19 11:00:00',NULL,1900183854,NULL,NULL,NULL,_binary '\0',NULL,NULL,NULL),(101,'2022-05-19 11:30:00',NULL,1900183854,NULL,NULL,NULL,_binary '\0',NULL,NULL,NULL),(102,'2022-05-19 12:00:00',NULL,1900183854,NULL,NULL,NULL,_binary '\0',NULL,NULL,NULL),(103,'2022-05-19 12:30:00',NULL,1900183854,NULL,NULL,NULL,_binary '\0',NULL,NULL,NULL),(104,'2022-05-19 13:00:00',NULL,1900183854,NULL,NULL,NULL,_binary '\0',NULL,NULL,NULL),(105,'2022-05-19 13:30:00',NULL,1900183854,NULL,NULL,NULL,_binary '\0',NULL,NULL,NULL),(106,'2022-05-19 14:00:00',NULL,1900183854,NULL,NULL,NULL,_binary '\0',NULL,NULL,NULL),(107,'2022-05-19 14:30:00',NULL,1900183854,NULL,NULL,NULL,_binary '\0',NULL,NULL,NULL),(108,'2022-05-19 15:00:00',NULL,1900183854,NULL,NULL,NULL,_binary '\0',NULL,NULL,NULL),(109,'2022-05-19 15:30:00',NULL,1900183854,NULL,NULL,NULL,_binary '\0',NULL,NULL,NULL),(110,'2022-05-20 08:00:00',NULL,1900183854,NULL,NULL,NULL,_binary '\0',NULL,NULL,NULL),(111,'2022-05-20 08:30:00',NULL,1900183854,NULL,NULL,NULL,_binary '\0',NULL,NULL,NULL),(112,'2022-05-20 09:00:00',NULL,1900183854,NULL,NULL,NULL,_binary '\0',NULL,NULL,NULL),(113,'2022-05-20 09:30:00',NULL,1900183854,NULL,NULL,NULL,_binary '\0',NULL,NULL,NULL),(114,'2022-05-20 10:00:00',NULL,1900183854,NULL,NULL,NULL,_binary '\0',NULL,NULL,NULL),(115,'2022-05-20 10:30:00',NULL,1900183854,NULL,NULL,NULL,_binary '\0',NULL,NULL,NULL),(116,'2022-05-20 11:00:00',NULL,1900183854,NULL,NULL,NULL,_binary '\0',NULL,NULL,NULL),(117,'2022-05-20 11:30:00',NULL,1900183854,NULL,NULL,NULL,_binary '\0',NULL,NULL,NULL),(118,'2022-05-20 12:00:00',NULL,1900183854,NULL,NULL,NULL,_binary '\0',NULL,NULL,NULL),(119,'2022-05-20 12:30:00',NULL,1900183854,NULL,NULL,NULL,_binary '\0',NULL,NULL,NULL),(120,'2022-05-20 13:00:00',NULL,1900183854,NULL,NULL,NULL,_binary '\0',NULL,NULL,NULL),(121,'2022-05-20 13:30:00',NULL,1900183854,NULL,NULL,NULL,_binary '\0',NULL,NULL,NULL),(122,'2022-05-20 14:00:00',NULL,1900183854,NULL,NULL,NULL,_binary '\0',NULL,NULL,NULL),(123,'2022-05-20 14:30:00',NULL,1900183854,NULL,NULL,NULL,_binary '\0',NULL,NULL,NULL),(124,'2022-05-20 15:00:00',NULL,1900183854,NULL,NULL,NULL,_binary '\0',NULL,NULL,NULL),(125,'2022-05-20 15:30:00',NULL,1900183854,NULL,NULL,NULL,_binary '\0',NULL,NULL,NULL),(126,'2022-05-23 08:00:00',NULL,1900183854,NULL,NULL,NULL,_binary '\0',NULL,NULL,NULL),(127,'2022-05-23 08:30:00',NULL,1900183854,NULL,NULL,NULL,_binary '\0',NULL,NULL,NULL),(128,'2022-05-23 09:00:00',NULL,1900183854,NULL,NULL,NULL,_binary '\0',NULL,NULL,NULL),(129,'2022-05-23 09:30:00',NULL,1900183854,NULL,NULL,NULL,_binary '\0',NULL,NULL,NULL),(130,'2022-05-23 10:00:00',NULL,1900183854,NULL,NULL,NULL,_binary '\0',NULL,NULL,NULL),(131,'2022-05-23 10:30:00',NULL,1900183854,NULL,NULL,NULL,_binary '\0',NULL,NULL,NULL),(132,'2022-05-23 11:00:00',NULL,1900183854,NULL,NULL,NULL,_binary '\0',NULL,NULL,NULL),(133,'2022-05-23 11:30:00',NULL,1900183854,NULL,NULL,NULL,_binary '\0',NULL,NULL,NULL),(134,'2022-05-23 12:00:00',NULL,1900183854,NULL,NULL,NULL,_binary '\0',NULL,NULL,NULL),(135,'2022-05-23 12:30:00',NULL,1900183854,NULL,NULL,NULL,_binary '\0',NULL,NULL,NULL),(136,'2022-05-23 13:00:00',NULL,1900183854,NULL,NULL,NULL,_binary '\0',NULL,NULL,NULL),(137,'2022-05-23 13:30:00',NULL,1900183854,NULL,NULL,NULL,_binary '\0',NULL,NULL,NULL),(138,'2022-05-23 14:00:00',NULL,1900183854,NULL,NULL,NULL,_binary '\0',NULL,NULL,NULL),(139,'2022-05-23 14:30:00',NULL,1900183854,NULL,NULL,NULL,_binary '\0',NULL,NULL,NULL),(140,'2022-05-23 15:00:00',NULL,1900183854,NULL,NULL,NULL,_binary '\0',NULL,NULL,NULL),(141,'2022-05-23 15:30:00',NULL,1900183854,NULL,NULL,NULL,_binary '\0',NULL,NULL,NULL),(142,'2022-05-24 08:00:00',NULL,1900183854,NULL,NULL,NULL,_binary '\0',NULL,NULL,NULL),(143,'2022-05-24 08:30:00',NULL,1900183854,NULL,NULL,NULL,_binary '\0',NULL,NULL,NULL),(144,'2022-05-24 09:00:00',NULL,1900183854,NULL,NULL,NULL,_binary '\0',NULL,NULL,NULL),(145,'2022-05-24 09:30:00',NULL,1900183854,NULL,NULL,NULL,_binary '\0',NULL,NULL,NULL),(146,'2022-05-24 10:00:00',NULL,1900183854,NULL,NULL,NULL,_binary '\0',NULL,NULL,NULL),(147,'2022-05-24 10:30:00',NULL,1900183854,NULL,NULL,NULL,_binary '\0',NULL,NULL,NULL),(148,'2022-05-24 11:00:00',NULL,1900183854,NULL,NULL,NULL,_binary '\0',NULL,NULL,NULL),(149,'2022-05-24 11:30:00',NULL,1900183854,NULL,NULL,NULL,_binary '\0',NULL,NULL,NULL),(150,'2022-05-24 12:00:00',NULL,1900183854,NULL,NULL,NULL,_binary '\0',NULL,NULL,NULL),(151,'2022-05-24 12:30:00',NULL,1900183854,NULL,NULL,NULL,_binary '\0',NULL,NULL,NULL),(152,'2022-05-24 13:00:00',NULL,1900183854,NULL,NULL,NULL,_binary '\0',NULL,NULL,NULL),(153,'2022-05-24 13:30:00',NULL,1900183854,NULL,NULL,NULL,_binary '\0',NULL,NULL,NULL),(154,'2022-05-24 14:00:00',NULL,1900183854,NULL,NULL,NULL,_binary '\0',NULL,NULL,NULL),(155,'2022-05-24 14:30:00',NULL,1900183854,NULL,NULL,NULL,_binary '\0',NULL,NULL,NULL),(156,'2022-05-24 15:00:00',NULL,1900183854,NULL,NULL,NULL,_binary '\0',NULL,NULL,NULL),(157,'2022-05-24 15:30:00',NULL,1900183854,NULL,NULL,NULL,_binary '\0',NULL,NULL,NULL),(158,'2022-05-25 08:00:00',NULL,1900183854,NULL,NULL,NULL,_binary '\0',NULL,NULL,NULL),(159,'2022-05-25 08:30:00',NULL,1900183854,NULL,NULL,NULL,_binary '\0',NULL,NULL,NULL),(160,'2022-05-25 09:00:00',NULL,1900183854,NULL,NULL,NULL,_binary '\0',NULL,NULL,NULL),(161,'2022-05-25 09:30:00',NULL,1900183854,NULL,NULL,NULL,_binary '\0',NULL,NULL,NULL),(162,'2022-05-25 10:00:00',NULL,1900183854,NULL,NULL,NULL,_binary '\0',NULL,NULL,NULL),(163,'2022-05-25 10:30:00',NULL,1900183854,NULL,NULL,NULL,_binary '\0',NULL,NULL,NULL),(164,'2022-05-25 11:00:00',NULL,1900183854,NULL,NULL,NULL,_binary '\0',NULL,NULL,NULL),(165,'2022-05-25 11:30:00',NULL,1900183854,NULL,NULL,NULL,_binary '\0',NULL,NULL,NULL),(166,'2022-05-25 12:00:00',NULL,1900183854,NULL,NULL,NULL,_binary '\0',NULL,NULL,NULL),(167,'2022-05-25 12:30:00',NULL,1900183854,NULL,NULL,NULL,_binary '\0',NULL,NULL,NULL),(168,'2022-05-25 13:00:00',NULL,1900183854,NULL,NULL,NULL,_binary '\0',NULL,NULL,NULL),(169,'2022-05-25 13:30:00',NULL,1900183854,NULL,NULL,NULL,_binary '\0',NULL,NULL,NULL),(170,'2022-05-25 14:00:00',NULL,1900183854,NULL,NULL,NULL,_binary '\0',NULL,NULL,NULL),(171,'2022-05-25 14:30:00',NULL,1900183854,NULL,NULL,NULL,_binary '\0',NULL,NULL,NULL),(172,'2022-05-25 15:00:00',NULL,1900183854,NULL,NULL,NULL,_binary '\0',NULL,NULL,NULL),(173,'2022-05-25 15:30:00',NULL,1900183854,NULL,NULL,NULL,_binary '\0',NULL,NULL,NULL),(174,'2022-05-26 08:00:00',NULL,1900183854,NULL,NULL,NULL,_binary '\0',NULL,NULL,NULL),(175,'2022-05-26 08:30:00',NULL,1900183854,NULL,NULL,NULL,_binary '\0',NULL,NULL,NULL),(176,'2022-05-26 09:00:00',NULL,1900183854,NULL,NULL,'f2f\n',_binary '\0','https://meet.google.com/jqe-giae-yrt',NULL,1),(177,'2022-05-26 09:30:00',NULL,1900183854,NULL,NULL,NULL,_binary '\0',NULL,NULL,NULL),(178,'2022-05-26 10:00:00',NULL,1900183854,NULL,NULL,NULL,_binary '\0',NULL,NULL,NULL),(179,'2022-05-26 10:30:00',NULL,1900183854,NULL,NULL,NULL,_binary '\0',NULL,NULL,NULL),(180,'2022-05-26 11:00:00',NULL,1900183854,NULL,NULL,NULL,_binary '\0',NULL,NULL,NULL),(181,'2022-05-26 11:30:00',NULL,1900183854,NULL,NULL,NULL,_binary '\0',NULL,NULL,NULL),(182,'2022-05-26 12:00:00',NULL,1900183854,NULL,NULL,NULL,_binary '\0',NULL,NULL,NULL),(183,'2022-05-26 12:30:00',NULL,1900183854,NULL,NULL,NULL,_binary '\0',NULL,NULL,NULL),(184,'2022-05-26 13:00:00',NULL,1900183854,NULL,NULL,NULL,_binary '\0',NULL,NULL,NULL),(185,'2022-05-26 13:30:00',NULL,1900183854,NULL,NULL,NULL,_binary '\0',NULL,NULL,NULL),(186,'2022-05-26 14:00:00',NULL,1900183854,NULL,NULL,NULL,_binary '\0',NULL,NULL,NULL),(187,'2022-05-26 14:30:00',NULL,1900183854,NULL,NULL,NULL,_binary '\0',NULL,NULL,NULL),(188,'2022-05-26 15:00:00',NULL,1900183854,NULL,NULL,NULL,_binary '\0',NULL,NULL,NULL),(189,'2022-05-26 15:30:00',NULL,1900183854,NULL,NULL,NULL,_binary '\0',NULL,NULL,NULL),(190,'2022-05-27 08:00:00',NULL,1900183854,NULL,NULL,NULL,_binary '\0',NULL,NULL,NULL),(191,'2022-05-27 08:30:00',NULL,1900183854,NULL,NULL,NULL,_binary '\0',NULL,NULL,NULL),(192,'2022-05-27 09:00:00',NULL,1900183854,NULL,NULL,NULL,_binary '\0',NULL,NULL,NULL),(193,'2022-05-27 09:30:00',NULL,1900183854,NULL,NULL,NULL,_binary '\0',NULL,NULL,NULL),(194,'2022-05-27 10:00:00',NULL,1900183854,NULL,NULL,NULL,_binary '\0',NULL,NULL,NULL),(195,'2022-05-27 10:30:00',NULL,1900183854,NULL,NULL,NULL,_binary '\0',NULL,NULL,NULL),(196,'2022-05-27 11:00:00',NULL,1900183854,NULL,NULL,NULL,_binary '\0',NULL,NULL,NULL),(197,'2022-05-27 11:30:00',NULL,1900183854,NULL,NULL,NULL,_binary '\0',NULL,NULL,NULL),(198,'2022-05-27 12:00:00',NULL,1900183854,NULL,NULL,NULL,_binary '\0',NULL,NULL,NULL),(199,'2022-05-27 12:30:00',NULL,1900183854,NULL,NULL,NULL,_binary '\0',NULL,NULL,NULL),(200,'2022-05-27 13:00:00',NULL,1900183854,NULL,NULL,NULL,_binary '\0',NULL,NULL,NULL),(201,'2022-05-27 13:30:00',NULL,1900183854,NULL,NULL,NULL,_binary '\0',NULL,NULL,NULL),(202,'2022-05-27 14:00:00',NULL,1900183854,NULL,NULL,NULL,_binary '\0',NULL,NULL,NULL),(203,'2022-05-27 14:30:00',NULL,1900183854,NULL,NULL,NULL,_binary '\0',NULL,NULL,NULL),(204,'2022-05-27 15:00:00',NULL,1900183854,NULL,NULL,NULL,_binary '\0',NULL,NULL,NULL),(205,'2022-05-27 15:30:00',NULL,1900183854,NULL,NULL,NULL,_binary '\0',NULL,NULL,NULL),(206,'2022-06-06 08:00:00',NULL,1900183854,NULL,NULL,NULL,_binary '\0',NULL,NULL,NULL),(207,'2022-06-06 08:30:00',NULL,1900183854,NULL,NULL,NULL,_binary '\0',NULL,NULL,NULL),(208,'2022-06-06 09:00:00',NULL,1900183854,NULL,NULL,NULL,_binary '\0',NULL,NULL,NULL),(209,'2022-06-06 09:30:00',NULL,1900183854,NULL,NULL,NULL,_binary '\0',NULL,NULL,NULL),(210,'2022-06-06 10:00:00',NULL,1900183854,NULL,NULL,NULL,_binary '\0',NULL,NULL,NULL),(211,'2022-06-06 10:30:00',NULL,1900183854,NULL,NULL,NULL,_binary '\0',NULL,NULL,NULL),(212,'2022-06-06 11:00:00',NULL,1900183854,NULL,NULL,NULL,_binary '\0',NULL,NULL,NULL),(213,'2022-06-06 11:30:00',NULL,1900183854,NULL,NULL,NULL,_binary '\0',NULL,NULL,NULL),(214,'2022-06-07 08:00:00',NULL,1900183854,NULL,NULL,NULL,_binary '\0',NULL,NULL,NULL),(215,'2022-06-07 08:30:00',NULL,1900183854,NULL,NULL,NULL,_binary '\0',NULL,NULL,NULL),(216,'2022-06-07 09:00:00',NULL,1900183854,NULL,NULL,NULL,_binary '\0',NULL,NULL,NULL),(217,'2022-06-07 09:30:00',NULL,1900183854,NULL,NULL,NULL,_binary '\0',NULL,NULL,NULL),(218,'2022-06-07 10:00:00',NULL,1900183854,NULL,NULL,NULL,_binary '\0',NULL,NULL,NULL),(219,'2022-06-07 10:30:00',NULL,1900183854,NULL,NULL,NULL,_binary '\0',NULL,NULL,NULL),(220,'2022-06-07 11:00:00',NULL,1900183854,NULL,NULL,NULL,_binary '\0',NULL,NULL,NULL),(221,'2022-06-07 11:30:00',NULL,1900183854,NULL,NULL,NULL,_binary '\0',NULL,NULL,NULL),(222,'2022-06-08 08:00:00',NULL,1900183854,NULL,NULL,NULL,_binary '\0',NULL,NULL,NULL),(223,'2022-06-08 08:30:00',NULL,1900183854,NULL,NULL,NULL,_binary '\0',NULL,NULL,NULL),(224,'2022-06-08 09:00:00',NULL,1900183854,NULL,NULL,NULL,_binary '\0',NULL,NULL,NULL),(225,'2022-06-08 09:30:00',NULL,1900183854,NULL,NULL,NULL,_binary '\0',NULL,NULL,NULL),(226,'2022-06-08 10:00:00',NULL,1900183854,NULL,NULL,NULL,_binary '\0',NULL,NULL,NULL),(227,'2022-06-08 10:30:00',NULL,1900183854,NULL,NULL,NULL,_binary '\0',NULL,NULL,NULL),(228,'2022-06-08 11:00:00',NULL,1900183854,NULL,NULL,NULL,_binary '\0',NULL,NULL,NULL),(229,'2022-06-08 11:30:00',NULL,1900183854,NULL,NULL,NULL,_binary '\0',NULL,NULL,NULL),(230,'2022-06-09 08:00:00',NULL,1900183854,NULL,NULL,NULL,_binary '\0',NULL,NULL,NULL),(231,'2022-06-09 08:30:00',NULL,1900183854,NULL,NULL,NULL,_binary '\0',NULL,NULL,NULL),(232,'2022-06-09 09:00:00',NULL,1900183854,NULL,NULL,NULL,_binary '\0',NULL,NULL,NULL),(233,'2022-06-09 09:30:00',NULL,1900183854,NULL,NULL,NULL,_binary '\0',NULL,NULL,NULL),(234,'2022-06-09 10:00:00',NULL,1900183854,NULL,NULL,NULL,_binary '\0',NULL,NULL,NULL),(235,'2022-06-09 10:30:00',NULL,1900183854,NULL,NULL,NULL,_binary '\0',NULL,NULL,NULL),(236,'2022-06-09 11:00:00',NULL,1900183854,NULL,NULL,NULL,_binary '\0',NULL,NULL,NULL),(237,'2022-06-09 11:30:00',NULL,1900183854,NULL,NULL,NULL,_binary '\0',NULL,NULL,NULL),(238,'2022-06-10 08:00:00',NULL,1900183854,NULL,NULL,NULL,_binary '\0',NULL,NULL,NULL),(239,'2022-06-10 08:30:00',NULL,1900183854,NULL,NULL,NULL,_binary '\0',NULL,NULL,NULL),(240,'2022-06-10 09:00:00',NULL,1900183854,NULL,NULL,NULL,_binary '\0',NULL,NULL,NULL),(241,'2022-06-10 09:30:00',NULL,1900183854,NULL,NULL,NULL,_binary '\0',NULL,NULL,NULL),(242,'2022-06-10 10:00:00',NULL,1900183854,NULL,NULL,NULL,_binary '\0',NULL,NULL,NULL),(243,'2022-06-10 10:30:00',NULL,1900183854,NULL,NULL,NULL,_binary '\0',NULL,NULL,NULL),(244,'2022-06-10 11:00:00',NULL,1900183854,NULL,NULL,NULL,_binary '\0',NULL,NULL,NULL),(245,'2022-06-10 11:30:00',NULL,1900183854,NULL,NULL,NULL,_binary '\0',NULL,NULL,NULL),(246,'2022-06-06 13:00:00',NULL,1900183854,NULL,NULL,NULL,_binary '\0',NULL,NULL,NULL),(247,'2022-06-06 13:30:00',NULL,1900183854,NULL,NULL,NULL,_binary '\0',NULL,NULL,NULL),(248,'2022-06-06 14:00:00',NULL,1900183854,NULL,NULL,NULL,_binary '\0',NULL,NULL,NULL),(249,'2022-06-06 14:30:00',NULL,1900183854,NULL,NULL,NULL,_binary '\0',NULL,NULL,NULL),(250,'2022-06-06 15:00:00',NULL,1900183854,NULL,NULL,NULL,_binary '\0',NULL,NULL,NULL),(251,'2022-06-06 15:30:00',NULL,1900183854,NULL,NULL,NULL,_binary '\0',NULL,NULL,NULL),(252,'2022-06-07 13:00:00',NULL,1900183854,NULL,NULL,NULL,_binary '\0',NULL,NULL,NULL),(253,'2022-06-07 13:30:00',NULL,1900183854,NULL,NULL,NULL,_binary '\0',NULL,NULL,NULL),(254,'2022-06-07 14:00:00',NULL,1900183854,NULL,NULL,NULL,_binary '\0',NULL,NULL,NULL),(255,'2022-06-07 14:30:00',NULL,1900183854,NULL,NULL,NULL,_binary '\0',NULL,NULL,NULL),(256,'2022-06-07 15:00:00',NULL,1900183854,NULL,NULL,NULL,_binary '\0',NULL,NULL,NULL),(257,'2022-06-07 15:30:00',NULL,1900183854,NULL,NULL,NULL,_binary '\0',NULL,NULL,NULL),(258,'2022-06-08 13:00:00',NULL,1900183854,NULL,NULL,NULL,_binary '\0',NULL,NULL,NULL),(259,'2022-06-08 13:30:00',NULL,1900183854,NULL,NULL,NULL,_binary '\0',NULL,NULL,NULL),(260,'2022-06-08 14:00:00',NULL,1900183854,NULL,NULL,NULL,_binary '\0',NULL,NULL,NULL),(261,'2022-06-08 14:30:00',NULL,1900183854,NULL,NULL,NULL,_binary '\0',NULL,NULL,NULL),(262,'2022-06-08 15:00:00',NULL,1900183854,NULL,NULL,NULL,_binary '\0',NULL,NULL,NULL),(263,'2022-06-08 15:30:00',NULL,1900183854,NULL,NULL,NULL,_binary '\0',NULL,NULL,NULL),(264,'2022-06-09 13:00:00',NULL,1900183854,NULL,NULL,NULL,_binary '\0',NULL,NULL,NULL),(265,'2022-06-09 13:30:00',NULL,1900183854,NULL,NULL,NULL,_binary '\0',NULL,NULL,NULL),(266,'2022-06-09 14:00:00',NULL,1900183854,NULL,NULL,NULL,_binary '\0',NULL,NULL,NULL),(267,'2022-06-09 14:30:00',NULL,1900183854,NULL,NULL,NULL,_binary '\0',NULL,NULL,NULL),(268,'2022-06-09 15:00:00',NULL,1900183854,NULL,NULL,NULL,_binary '\0',NULL,NULL,NULL),(269,'2022-06-09 15:30:00',NULL,1900183854,NULL,NULL,NULL,_binary '\0',NULL,NULL,NULL),(270,'2022-06-10 13:00:00',NULL,1900183854,NULL,NULL,NULL,_binary '\0',NULL,NULL,NULL),(271,'2022-06-10 13:30:00',NULL,1900183854,NULL,NULL,NULL,_binary '\0',NULL,NULL,NULL),(272,'2022-06-10 14:00:00',NULL,1900183854,NULL,NULL,NULL,_binary '\0',NULL,NULL,NULL),(273,'2022-06-10 14:30:00',NULL,1900183854,NULL,NULL,NULL,_binary '\0',NULL,NULL,NULL),(274,'2022-06-10 15:00:00',NULL,1900183854,NULL,NULL,NULL,_binary '\0',NULL,NULL,NULL),(275,'2022-06-10 15:30:00',NULL,1900183854,NULL,NULL,NULL,_binary '\0',NULL,NULL,NULL);
/*!40000 ALTER TABLE `appointments` ENABLE KEYS */;
UNLOCK TABLES;

--
-- Table structure for table `employees`
--

DROP TABLE IF EXISTS `employees`;
/*!40101 SET @saved_cs_client     = @@character_set_client */;
/*!50503 SET character_set_client = utf8mb4 */;
CREATE TABLE `employees` (
  `user_id` int NOT NULL,
  `position_id` int DEFAULT NULL,
  KEY `fk_employees_1_idx` (`user_id`),
  KEY `fk_employees_2_idx` (`position_id`),
  CONSTRAINT `fk_employees_1` FOREIGN KEY (`user_id`) REFERENCES `users` (`id`) ON DELETE CASCADE ON UPDATE CASCADE,
  CONSTRAINT `fk_employees_2` FOREIGN KEY (`position_id`) REFERENCES `positions` (`id`) ON DELETE SET NULL ON UPDATE CASCADE
) ENGINE=InnoDB DEFAULT CHARSET=latin1;
/*!40101 SET character_set_client = @saved_cs_client */;

--
-- Dumping data for table `employees`
--

LOCK TABLES `employees` WRITE;
/*!40000 ALTER TABLE `employees` DISABLE KEYS */;
INSERT INTO `employees` VALUES (1900150945,21),(1900183847,2),(1900183854,2),(1900183870,23);
/*!40000 ALTER TABLE `employees` ENABLE KEYS */;
UNLOCK TABLES;

--
-- Table structure for table `patients`
--

DROP TABLE IF EXISTS `patients`;
/*!40101 SET @saved_cs_client     = @@character_set_client */;
/*!50503 SET character_set_client = utf8mb4 */;
CREATE TABLE `patients` (
  `user_id` int NOT NULL,
  `restricted_access` bit(1) NOT NULL,
  `registered_online` bit(1) NOT NULL,
  KEY `fk_patients_1_idx` (`user_id`),
  CONSTRAINT `fk_patients_1` FOREIGN KEY (`user_id`) REFERENCES `users` (`id`) ON DELETE CASCADE ON UPDATE CASCADE
) ENGINE=InnoDB DEFAULT CHARSET=latin1;
/*!40101 SET character_set_client = @saved_cs_client */;

--
-- Dumping data for table `patients`
--

LOCK TABLES `patients` WRITE;
/*!40000 ALTER TABLE `patients` DISABLE KEYS */;
INSERT INTO `patients` VALUES (1900283852,_binary '\0',_binary '\0');
/*!40000 ALTER TABLE `patients` ENABLE KEYS */;
UNLOCK TABLES;

--
-- Table structure for table `permissions`
--

DROP TABLE IF EXISTS `permissions`;
/*!40101 SET @saved_cs_client     = @@character_set_client */;
/*!50503 SET character_set_client = utf8mb4 */;
CREATE TABLE `permissions` (
  `id` int NOT NULL AUTO_INCREMENT,
  `description` varchar(500) DEFAULT NULL,
  PRIMARY KEY (`id`)
) ENGINE=InnoDB AUTO_INCREMENT=4 DEFAULT CHARSET=latin1;
/*!40101 SET character_set_client = @saved_cs_client */;

--
-- Dumping data for table `permissions`
--

LOCK TABLES `permissions` WRITE;
/*!40000 ALTER TABLE `permissions` DISABLE KEYS */;
INSERT INTO `permissions` VALUES (1,'admin'),(2,'receptionist'),(3,'doctor');
/*!40000 ALTER TABLE `permissions` ENABLE KEYS */;
UNLOCK TABLES;

--
-- Table structure for table `position_permission_link`
--

DROP TABLE IF EXISTS `position_permission_link`;
/*!40101 SET @saved_cs_client     = @@character_set_client */;
/*!50503 SET character_set_client = utf8mb4 */;
CREATE TABLE `position_permission_link` (
  `position_id` int NOT NULL,
  `permission_id` int NOT NULL,
  KEY `fk_position_permission_link_1_idx` (`position_id`),
  KEY `fk_position_permission_link_2_idx` (`permission_id`),
  CONSTRAINT `fk_position_permission_link_1` FOREIGN KEY (`position_id`) REFERENCES `positions` (`id`) ON DELETE CASCADE ON UPDATE CASCADE,
  CONSTRAINT `fk_position_permission_link_2` FOREIGN KEY (`permission_id`) REFERENCES `permissions` (`id`) ON DELETE CASCADE ON UPDATE CASCADE
) ENGINE=InnoDB DEFAULT CHARSET=latin1;
/*!40101 SET character_set_client = @saved_cs_client */;

--
-- Dumping data for table `position_permission_link`
--

LOCK TABLES `position_permission_link` WRITE;
/*!40000 ALTER TABLE `position_permission_link` DISABLE KEYS */;
INSERT INTO `position_permission_link` VALUES (2,3),(20,3),(21,2),(23,1);
/*!40000 ALTER TABLE `position_permission_link` ENABLE KEYS */;
UNLOCK TABLES;

--
-- Table structure for table `positions`
--

DROP TABLE IF EXISTS `positions`;
/*!40101 SET @saved_cs_client     = @@character_set_client */;
/*!50503 SET character_set_client = utf8mb4 */;
CREATE TABLE `positions` (
  `id` int NOT NULL AUTO_INCREMENT,
  `name` varchar(50) DEFAULT NULL,
  `description` varchar(500) DEFAULT NULL,
  PRIMARY KEY (`id`)
) ENGINE=InnoDB AUTO_INCREMENT=27 DEFAULT CHARSET=latin1;
/*!40101 SET character_set_client = @saved_cs_client */;

--
-- Dumping data for table `positions`
--

LOCK TABLES `positions` WRITE;
/*!40000 ALTER TABLE `positions` DISABLE KEYS */;
INSERT INTO `positions` VALUES (2,'Pediatra','lekarz dzieciecy'),(20,'Stomatolog','Lekarz stomatolog'),(21,'Recepcja','Pracownicy recepcji'),(23,'Administrator','administrator');
/*!40000 ALTER TABLE `positions` ENABLE KEYS */;
UNLOCK TABLES;

--
-- Table structure for table `user_log`
--

DROP TABLE IF EXISTS `user_log`;
/*!40101 SET @saved_cs_client     = @@character_set_client */;
/*!50503 SET character_set_client = utf8mb4 */;
CREATE TABLE `user_log` (
  `user_id` int NOT NULL,
  `login_time` datetime DEFAULT NULL,
  `metadata` varchar(150) DEFAULT NULL,
  KEY `fk_user_log_1_idx` (`user_id`),
  CONSTRAINT `fk_user_log_1` FOREIGN KEY (`user_id`) REFERENCES `users` (`id`)
) ENGINE=InnoDB DEFAULT CHARSET=latin1;
/*!40101 SET character_set_client = @saved_cs_client */;

--
-- Dumping data for table `user_log`
--

LOCK TABLES `user_log` WRITE;
/*!40000 ALTER TABLE `user_log` DISABLE KEYS */;
INSERT INTO `user_log` VALUES (1900283852,'2022-05-16 10:53:53',NULL),(1900283852,'2022-05-16 11:02:38',NULL),(1900183854,'2022-05-16 11:14:17',NULL),(1900183854,'2022-05-16 11:15:02',NULL),(1900183854,'2022-05-16 11:16:06',NULL),(1900183854,'2022-05-16 11:16:26',NULL),(1900183854,'2022-05-16 11:23:01',NULL),(1900183854,'2022-05-16 11:23:10',NULL),(1900183854,'2022-05-16 11:24:05',NULL),(1900183854,'2022-05-16 11:26:54',NULL),(1900183847,'2022-05-16 11:29:34',NULL),(1900183847,'2022-05-16 11:30:32',NULL),(1900283852,'2022-05-16 11:54:32',NULL),(1900183847,'2022-05-16 19:41:25',NULL),(1900183854,'2022-05-16 19:41:44',NULL),(1900183854,'2022-05-16 19:48:13',NULL),(1900150945,'2022-05-16 19:56:34',NULL),(1900150945,'2022-05-16 19:56:40',NULL),(1900150945,'2022-05-16 19:57:03',NULL),(1900150945,'2022-05-16 19:57:14',NULL),(1900150945,'2022-05-16 19:58:57',NULL),(1900183847,'2022-05-16 20:35:13',NULL),(1900150945,'2022-05-16 21:43:12',NULL),(1900150945,'2022-05-17 17:49:23',NULL),(1900150945,'2022-05-17 20:50:30',NULL),(1900150945,'2022-05-18 16:33:00',NULL),(1900150945,'2022-05-18 16:34:42',NULL),(1900150945,'2022-05-18 16:35:21',NULL),(1900150945,'2022-05-18 16:53:12',NULL),(1900150945,'2022-05-18 16:54:11',NULL),(1900150945,'2022-05-18 18:28:13',NULL),(1900150945,'2022-05-18 19:40:49',NULL),(1900283852,'2022-05-18 19:45:51',NULL),(1900283852,'2022-05-18 20:08:30',NULL),(1900183870,'2022-05-18 21:05:35',NULL),(1900183870,'2022-05-18 21:05:55',NULL),(1900150945,'2022-05-18 21:06:02',NULL),(1900183847,'2022-05-18 21:06:29',NULL),(1900150945,'2022-05-18 21:06:47',NULL),(1900183847,'2022-05-18 21:09:46',NULL),(1900150945,'2022-05-18 21:11:14',NULL),(1900283852,'2022-05-18 21:19:52',NULL),(1900283852,'2022-05-18 21:25:16',NULL),(1900283852,'2022-05-18 21:31:26',NULL),(1900283852,'2022-05-18 21:32:10',NULL),(1900283852,'2022-05-18 21:33:48',NULL),(1900183847,'2022-05-18 21:34:57',NULL),(1900183870,'2022-05-18 21:45:17',NULL),(1900150945,'2022-05-18 21:47:32',NULL),(1900283852,'2022-05-18 21:50:44',NULL),(1900283852,'2022-05-18 21:51:09',NULL),(1900150945,'2022-05-18 21:52:09',NULL),(1900183870,'2022-05-18 22:04:18',NULL),(1900183847,'2022-05-18 22:12:34',NULL),(1900150945,'2022-05-18 22:29:01',NULL),(1900150945,'2022-05-18 22:29:24',NULL),(1900183870,'2022-05-18 22:30:16',NULL),(1900283852,'2022-05-18 22:34:30',NULL),(1900283852,'2022-05-18 22:44:36',NULL),(1900283852,'2022-05-20 16:04:06',NULL),(1900183847,'2022-05-20 16:14:36',NULL),(1900283852,'2022-05-20 16:17:18',NULL),(1900150945,'2022-05-20 16:20:33',NULL),(1900283852,'2022-05-20 17:52:31',NULL),(1900183847,'2022-05-20 17:57:12',NULL),(1900183870,'2022-05-20 17:59:06',NULL),(1900150945,'2022-05-20 18:27:50',NULL),(1900283852,'2022-05-20 18:43:13',NULL),(1900183847,'2022-05-20 19:20:22',NULL),(1900283852,'2022-05-20 19:26:37',NULL),(1900183870,'2022-05-20 21:06:19',NULL),(1900183870,'2022-05-20 21:51:37',NULL),(1900283852,'2022-05-20 22:47:22',NULL),(1900150945,'2022-05-20 22:49:15',NULL),(1900150945,'2022-05-20 22:55:15',NULL);
/*!40000 ALTER TABLE `user_log` ENABLE KEYS */;
UNLOCK TABLES;

--
-- Table structure for table `users`
--

DROP TABLE IF EXISTS `users`;
/*!40101 SET @saved_cs_client     = @@character_set_client */;
/*!50503 SET character_set_client = utf8mb4 */;
CREATE TABLE `users` (
  `id` int NOT NULL,
  `password` varchar(150) DEFAULT NULL,
  `email` varchar(150) DEFAULT NULL,
  `phone_number` varchar(20) DEFAULT NULL,
  `name` varchar(50) DEFAULT NULL,
  `surname` varchar(50) DEFAULT NULL,
  `pesel` decimal(11,0) DEFAULT NULL,
  `active` bit(1) NOT NULL DEFAULT b'0',
  PRIMARY KEY (`id`)
) ENGINE=InnoDB DEFAULT CHARSET=latin1;
/*!40101 SET character_set_client = @saved_cs_client */;

--
-- Dumping data for table `users`
--

LOCK TABLES `users` WRITE;
/*!40000 ALTER TABLE `users` DISABLE KEYS */;
INSERT INTO `users` VALUES (1900150945,'$2y$10$UOcE8465S.LEQrZsYTLcW.Vo1tknwQ9DMDc.a4vWDM9L4HXJIKz6O','pracownik@miesiaca.com','500100100','Jerzy','Ziemniarski',76011012345,_binary ''),(1900183847,'$2y$10$zVfOLz0oD0QrlAz2KbhW9.aEeLBZwXR1JHh6ulH2Mb7S2YFPAJwJ2','kowalski@interia.pl','123456789','Jan','Kowalski',76011012345,_binary ''),(1900183854,'$2y$10$NpNCBS6nTSqCQgfRv0L7Se4Z5G8YYsZWLAbKdHD4asy4QgYtojMrW','kowalski@interia.pl','123456789','Tadeusz','Tomczak',76011012345,_binary ''),(1900183862,'$2y$10$hdSNfw7UKYem99zuceETX.GT0PCEDJ8jLnDYB6p6fOeanY/fF6acu','kowalski@interia.pl','123456789','Adam','Nowak',76011012345,_binary ''),(1900183870,'$2y$10$matJP367cuD7GcF5Ju7RFuXAo/69p1BpQNa9DGuqdrLCxI/jlyz56','andrzej.kowalski@mail.com','500100100','Andrzej','Kowalski',76011012345,_binary ''),(1900283852,'$2y$10$35yiIhOP.8iC3O3hCrzEouFDTTP1r8Mgm1cqJ4o98JWAypBOXUY5e','kowalski@interia.pl','123456789','Mateusz','Wójcik',76011012345,_binary '');
/*!40000 ALTER TABLE `users` ENABLE KEYS */;
UNLOCK TABLES;

--
-- Temporary view structure for view `v_employees_details`
--

DROP TABLE IF EXISTS `v_employees_details`;
/*!50001 DROP VIEW IF EXISTS `v_employees_details`*/;
SET @saved_cs_client     = @@character_set_client;
/*!50503 SET character_set_client = utf8mb4 */;
/*!50001 CREATE VIEW `v_employees_details` AS SELECT 
 1 AS `id`,
 1 AS `name`,
 1 AS `surname`,
 1 AS `position`,
 1 AS `phone_number`,
 1 AS `email`,
 1 AS `pesel`*/;
SET character_set_client = @saved_cs_client;

--
-- Temporary view structure for view `v_empty_positions`
--

DROP TABLE IF EXISTS `v_empty_positions`;
/*!50001 DROP VIEW IF EXISTS `v_empty_positions`*/;
SET @saved_cs_client     = @@character_set_client;
/*!50503 SET character_set_client = utf8mb4 */;
/*!50001 CREATE VIEW `v_empty_positions` AS SELECT 
 1 AS `id`,
 1 AS `name`*/;
SET character_set_client = @saved_cs_client;

--
-- Temporary view structure for view `v_patients_details`
--

DROP TABLE IF EXISTS `v_patients_details`;
/*!50001 DROP VIEW IF EXISTS `v_patients_details`*/;
SET @saved_cs_client     = @@character_set_client;
/*!50503 SET character_set_client = utf8mb4 */;
/*!50001 CREATE VIEW `v_patients_details` AS SELECT 
 1 AS `id`,
 1 AS `name`,
 1 AS `surname`,
 1 AS `phone_number`,
 1 AS `email`,
 1 AS `pesel`,
 1 AS `restricted_access`*/;
SET character_set_client = @saved_cs_client;

--
-- Temporary view structure for view `v_position_permission`
--

DROP TABLE IF EXISTS `v_position_permission`;
/*!50001 DROP VIEW IF EXISTS `v_position_permission`*/;
SET @saved_cs_client     = @@character_set_client;
/*!50503 SET character_set_client = utf8mb4 */;
/*!50001 CREATE VIEW `v_position_permission` AS SELECT 
 1 AS `id`,
 1 AS `permission_id`,
 1 AS `name`,
 1 AS `description`,
 1 AS `permission_description`*/;
SET character_set_client = @saved_cs_client;

--
-- Temporary view structure for view `v_positions_count`
--

DROP TABLE IF EXISTS `v_positions_count`;
/*!50001 DROP VIEW IF EXISTS `v_positions_count`*/;
SET @saved_cs_client     = @@character_set_client;
/*!50503 SET character_set_client = utf8mb4 */;
/*!50001 CREATE VIEW `v_positions_count` AS SELECT 
 1 AS `num_of_employees`,
 1 AS `id`*/;
SET character_set_client = @saved_cs_client;

--
-- Current Database: `clinic`
--

USE `clinic`;

--
-- Final view structure for view `v_employees_details`
--

/*!50001 DROP VIEW IF EXISTS `v_employees_details`*/;
/*!50001 SET @saved_cs_client          = @@character_set_client */;
/*!50001 SET @saved_cs_results         = @@character_set_results */;
/*!50001 SET @saved_col_connection     = @@collation_connection */;
/*!50001 SET character_set_client      = utf8mb4 */;
/*!50001 SET character_set_results     = utf8mb4 */;
/*!50001 SET collation_connection      = utf8mb4_0900_ai_ci */;
/*!50001 CREATE ALGORITHM=UNDEFINED */
/*!50013 DEFINER=`admin`@`localhost` SQL SECURITY DEFINER */
/*!50001 VIEW `v_employees_details` AS select `users`.`id` AS `id`,`users`.`name` AS `name`,`users`.`surname` AS `surname`,`positions`.`name` AS `position`,`users`.`phone_number` AS `phone_number`,`users`.`email` AS `email`,`users`.`pesel` AS `pesel` from ((`users` join `employees` on((`employees`.`user_id` = `users`.`id`))) join `positions` on((`employees`.`position_id` = `positions`.`id`))) where (`users`.`active` = 1) */;
/*!50001 SET character_set_client      = @saved_cs_client */;
/*!50001 SET character_set_results     = @saved_cs_results */;
/*!50001 SET collation_connection      = @saved_col_connection */;

--
-- Final view structure for view `v_empty_positions`
--

/*!50001 DROP VIEW IF EXISTS `v_empty_positions`*/;
/*!50001 SET @saved_cs_client          = @@character_set_client */;
/*!50001 SET @saved_cs_results         = @@character_set_results */;
/*!50001 SET @saved_col_connection     = @@collation_connection */;
/*!50001 SET character_set_client      = utf8mb4 */;
/*!50001 SET character_set_results     = utf8mb4 */;
/*!50001 SET collation_connection      = utf8mb4_0900_ai_ci */;
/*!50001 CREATE ALGORITHM=UNDEFINED */
/*!50013 DEFINER=`admin`@`localhost` SQL SECURITY DEFINER */
/*!50001 VIEW `v_empty_positions` AS select `positions`.`id` AS `id`,`positions`.`name` AS `name` from `positions` where `positions`.`id` in (select `positions`.`id` from (`employees` join `positions` on((`positions`.`id` = `employees`.`position_id`))) group by `positions`.`id`) is false */;
/*!50001 SET character_set_client      = @saved_cs_client */;
/*!50001 SET character_set_results     = @saved_cs_results */;
/*!50001 SET collation_connection      = @saved_col_connection */;

--
-- Final view structure for view `v_patients_details`
--

/*!50001 DROP VIEW IF EXISTS `v_patients_details`*/;
/*!50001 SET @saved_cs_client          = @@character_set_client */;
/*!50001 SET @saved_cs_results         = @@character_set_results */;
/*!50001 SET @saved_col_connection     = @@collation_connection */;
/*!50001 SET character_set_client      = utf8mb4 */;
/*!50001 SET character_set_results     = utf8mb4 */;
/*!50001 SET collation_connection      = utf8mb4_0900_ai_ci */;
/*!50001 CREATE ALGORITHM=UNDEFINED */
/*!50013 DEFINER=`admin`@`localhost` SQL SECURITY DEFINER */
/*!50001 VIEW `v_patients_details` AS select `users`.`id` AS `id`,`users`.`name` AS `name`,`users`.`surname` AS `surname`,`users`.`phone_number` AS `phone_number`,`users`.`email` AS `email`,`users`.`pesel` AS `pesel`,`patients`.`restricted_access` AS `restricted_access` from (`users` join `patients` on((`patients`.`user_id` = `users`.`id`))) where (`users`.`active` = 1) */;
/*!50001 SET character_set_client      = @saved_cs_client */;
/*!50001 SET character_set_results     = @saved_cs_results */;
/*!50001 SET collation_connection      = @saved_col_connection */;

--
-- Final view structure for view `v_position_permission`
--

/*!50001 DROP VIEW IF EXISTS `v_position_permission`*/;
/*!50001 SET @saved_cs_client          = @@character_set_client */;
/*!50001 SET @saved_cs_results         = @@character_set_results */;
/*!50001 SET @saved_col_connection     = @@collation_connection */;
/*!50001 SET character_set_client      = utf8mb4 */;
/*!50001 SET character_set_results     = utf8mb4 */;
/*!50001 SET collation_connection      = utf8mb4_0900_ai_ci */;
/*!50001 CREATE ALGORITHM=UNDEFINED */
/*!50013 DEFINER=`admin`@`localhost` SQL SECURITY DEFINER */
/*!50001 VIEW `v_position_permission` AS select `positions`.`id` AS `id`,`position_permission_link`.`permission_id` AS `permission_id`,`positions`.`name` AS `name`,`positions`.`description` AS `description`,`permissions`.`description` AS `permission_description` from ((`positions` join `position_permission_link` on((`positions`.`id` = `position_permission_link`.`position_id`))) join `permissions` on((`position_permission_link`.`permission_id` = `permissions`.`id`))) */;
/*!50001 SET character_set_client      = @saved_cs_client */;
/*!50001 SET character_set_results     = @saved_cs_results */;
/*!50001 SET collation_connection      = @saved_col_connection */;

--
-- Final view structure for view `v_positions_count`
--

/*!50001 DROP VIEW IF EXISTS `v_positions_count`*/;
/*!50001 SET @saved_cs_client          = @@character_set_client */;
/*!50001 SET @saved_cs_results         = @@character_set_results */;
/*!50001 SET @saved_col_connection     = @@collation_connection */;
/*!50001 SET character_set_client      = utf8mb4 */;
/*!50001 SET character_set_results     = utf8mb4 */;
/*!50001 SET collation_connection      = utf8mb4_0900_ai_ci */;
/*!50001 CREATE ALGORITHM=UNDEFINED */
/*!50013 DEFINER=`admin`@`localhost` SQL SECURITY DEFINER */
/*!50001 VIEW `v_positions_count` AS select count(`employees`.`user_id`) AS `num_of_employees`,`positions`.`id` AS `id` from (`employees` join `positions` on((`positions`.`id` = `employees`.`position_id`))) group by `employees`.`position_id` */;
/*!50001 SET character_set_client      = @saved_cs_client */;
/*!50001 SET character_set_results     = @saved_cs_results */;
/*!50001 SET collation_connection      = @saved_col_connection */;
/*!40103 SET TIME_ZONE=@OLD_TIME_ZONE */;

/*!40101 SET SQL_MODE=@OLD_SQL_MODE */;
/*!40014 SET FOREIGN_KEY_CHECKS=@OLD_FOREIGN_KEY_CHECKS */;
/*!40014 SET UNIQUE_CHECKS=@OLD_UNIQUE_CHECKS */;
/*!40101 SET CHARACTER_SET_CLIENT=@OLD_CHARACTER_SET_CLIENT */;
/*!40101 SET CHARACTER_SET_RESULTS=@OLD_CHARACTER_SET_RESULTS */;
/*!40101 SET COLLATION_CONNECTION=@OLD_COLLATION_CONNECTION */;
/*!40111 SET SQL_NOTES=@OLD_SQL_NOTES */;

-- Dump completed on 2022-05-20 22:56:34
